,City,Country,Lat,Lng,Max Temp,Humidity,Cloudiness,Wind Speed,Current Description
0,Inhambane,MZ,-23.865,35.3833,75.18,100,75,6.91,drizzle
1,Ushuaia,AR,-54.8,-68.3,41.47,91,100,4.34,overcast clouds
2,Grindavik,IS,63.8424,-22.4338,30.67,74,40,19.57,scattered clouds
3,Lüderitz,NA,-26.6481,15.1594,69.22,78,46,3.11,scattered clouds
4,Kashgar,CN,39.4547,75.9797,28.09,62,100,6.38,overcast clouds
5,Yellowknife,CA,62.456,-114.3525,-17.88,69,0,9.22,clear sky
6,Minsk,BY,53.9,27.5667,31.75,93,100,10.83,overcast clouds
7,Arlit,NE,18.7369,7.3853,65.43,15,0,10.11,clear sky
8,Taltal,CL,-25.4,-70.4833,65.39,84,18,1.28,few clouds
9,Puerto Ayora,EC,-0.7393,-90.3518,74.55,94,62,3.0,broken clouds
10,Vaini,TO,-21.2,-175.2,77.36,92,100,33.13,heavy intensity rain
11,Ribeira Grande,PT,38.5167,-28.7,57.6,82,20,13.8,few clouds
12,Punta Arenas,CL,-53.15,-70.9167,44.71,87,40,3.44,scattered clouds
13,Ancud,CL,-41.8697,-73.8203,53.42,92,34,3.13,scattered clouds
14,Tual,ID,-5.6667,132.75,83.93,71,100,6.35,light rain
15,Mataura,NZ,-46.1927,168.8643,51.48,70,1,3.29,clear sky
16,Jamestown,US,42.097,-79.2353,12.72,90,0,6.91,clear sky
17,Atuona,PF,-9.8,-139.0333,78.98,77,3,22.88,clear sky
18,Hope,US,33.6671,-93.5916,33.08,76,0,3.85,clear sky
19,Araripina,BR,-7.5761,-40.4983,70.56,71,68,4.34,broken clouds
20,Te Anau,NZ,-45.4167,167.7167,54.59,66,0,4.47,clear sky
21,Arman',RU,59.7,150.1667,5.02,76,40,10.18,scattered clouds
22,La Paz,BO,-16.5,-68.15,45.84,84,100,5.1,moderate rain
23,Yar-Sale,RU,66.8333,70.8333,-11.24,100,99,5.19,overcast clouds
24,Bukama,CD,-9.2,25.85,77.72,78,80,1.07,broken clouds
25,Eyl,SO,7.9803,49.8164,82.45,50,7,13.73,clear sky
26,Kapaa,US,22.0752,-159.319,69.19,77,8,9.37,clear sky
27,Vila Franca do Campo,PT,37.7167,-25.4333,60.19,86,97,17.16,overcast clouds
28,Avarua,CK,-21.2078,-159.775,78.85,78,75,8.05,broken clouds
29,Verkhoyansk,RU,67.5447,133.385,-40.83,100,92,0.92,overcast clouds
30,Buala,SB,-8.145,159.5921,81.73,83,51,7.96,light rain
31,Whitehorse,CA,60.7161,-135.0538,29.01,95,100,17.0,overcast clouds
32,Thompson,CA,55.7435,-97.8558,-23.71,99,100,2.64,overcast clouds
33,Hithadhoo,MV,-0.6,73.0833,82.72,72,9,10.92,clear sky
34,Alnashi,RU,56.1874,52.4792,24.76,94,97,4.14,overcast clouds
35,Mossamedes,AO,-15.1961,12.1522,76.87,53,90,6.4,overcast clouds
36,Harboøre,DK,56.6175,8.1807,38.21,76,99,21.41,overcast clouds
37,Madisonville,US,37.3281,-87.4989,21.81,83,5,3.29,clear sky
38,East London,ZA,-33.0153,27.9116,76.77,73,60,20.85,light rain
39,Hobart,AU,-42.8794,147.3294,69.26,60,20,1.99,few clouds
40,Saskylakh,RU,71.9167,114.0833,-26.01,100,98,2.01,overcast clouds
41,Hamilton,US,39.1834,-84.5333,16.93,90,7,2.59,clear sky
42,Tasiilaq,GL,65.6145,-37.6368,14.16,63,100,7.63,overcast clouds
43,Sitka,US,57.0531,-135.33,46.29,87,100,25.32,moderate rain
44,Hermanus,ZA,-34.4187,19.2345,86.9,54,96,2.51,overcast clouds
45,Cayenne,GF,4.9333,-52.3333,80.1,84,100,5.99,overcast clouds
46,Saint-Philippe,RE,-21.3585,55.7679,85.59,78,100,20.54,light rain
47,San Vicente,AR,-26.6167,-54.1333,60.8,96,91,3.09,overcast clouds
48,Katsuura,JP,35.1333,140.3,43.11,38,37,6.71,scattered clouds
49,Austintown,US,41.1017,-80.7645,16.18,83,0,6.91,clear sky
50,Rikitea,PF,-23.1203,-134.9692,79.02,71,33,17.43,scattered clouds
51,Albany,US,42.6001,-73.9662,7.27,77,6,2.93,clear sky
52,Barrow,US,71.2906,-156.7887,-18.38,69,75,6.91,haze
53,Byron Bay,AU,-28.65,153.6167,71.87,71,86,19.98,light rain
54,Izumo,JP,35.3667,132.7667,37.11,57,100,17.18,overcast clouds
55,Hanmer Springs,NZ,-42.5167,172.8167,48.45,97,100,2.28,overcast clouds
56,Władysławowo,PL,54.7909,18.4009,39.0,96,100,23.49,overcast clouds
57,Ponta do Sol,PT,32.6667,-17.1,65.12,53,41,14.0,scattered clouds
58,Atherton,GB,53.5237,-2.4935,45.72,86,100,21.0,light rain
59,Castro,BR,-24.7911,-50.0119,61.27,98,77,4.59,broken clouds
60,‘Āhuimanu,US,21.4447,-157.8378,74.46,77,20,1.01,few clouds
61,Tura,IN,25.5198,90.2201,66.97,46,0,4.54,clear sky
62,Huarmey,PE,-10.0681,-78.1522,69.73,86,100,6.91,overcast clouds
63,Shōbara,JP,34.85,133.0167,36.9,63,83,11.59,broken clouds
64,Walvis Bay,NA,-22.9575,14.5053,71.1,75,71,6.33,broken clouds
65,Bella Vista,US,36.4295,-94.2316,30.92,84,0,0.0,clear sky
66,Mae Hong Son,TH,19.3003,97.9685,91.74,24,24,7.67,few clouds
67,Port Alfred,ZA,-33.5906,26.891,77.88,71,9,26.71,clear sky
68,Usinsk,RU,65.9939,57.5281,-2.74,93,67,4.9,broken clouds
69,Burnie,AU,-41.0667,145.9167,70.95,52,0,6.51,clear sky
70,Butaritari,KI,3.0707,172.7902,82.42,76,99,16.2,light rain
71,Bredasdorp,ZA,-34.5322,20.0403,83.28,46,85,4.9,overcast clouds
72,Clyde River,CA,70.4692,-68.5914,-22.97,99,100,2.98,overcast clouds
73,Tuktoyaktuk,CA,69.4541,-133.0374,-19.32,99,100,9.84,overcast clouds
74,Jiangyou,CN,31.7667,104.7167,40.01,93,100,4.34,overcast clouds
75,Busselton,AU,-33.65,115.3333,64.74,85,100,24.32,overcast clouds
76,Port Elizabeth,ZA,-33.918,25.5701,83.1,61,0,14.79,clear sky
77,Cape Town,ZA,-33.9258,18.4232,86.11,48,98,7.85,overcast clouds
78,Pregradnaya,RU,43.9508,41.1994,34.75,50,100,3.76,light snow
79,Constitución,CL,-35.3333,-72.4167,61.25,67,0,4.88,clear sky
80,Khovd,MN,48.0056,91.6419,-3.82,86,8,3.69,clear sky
81,Iranshahr,IR,27.2025,60.6848,70.41,40,0,6.15,clear sky
82,Airai,TL,-8.9266,125.4092,69.93,79,80,2.44,broken clouds
83,Qaanaaq,GL,77.484,-69.3632,-3.17,98,100,4.38,overcast clouds
84,Fortuna Foothills,US,32.6578,-114.4119,44.69,18,11,5.79,few clouds
85,Isabela,PH,6.7085,121.9711,84.7,64,53,5.95,broken clouds
86,La Unión,PE,-5.4,-80.75,69.64,86,100,7.05,overcast clouds
87,Laguna,US,38.421,-121.4238,51.96,83,0,0.0,clear sky
88,Harper,LR,4.375,-7.7169,79.41,81,80,2.84,broken clouds
89,Takoradze,GH,4.8845,-1.7554,81.16,78,95,4.14,overcast clouds
90,Nikolskoye,RU,59.7035,30.7861,32.72,94,94,7.29,overcast clouds
91,Alpena,US,45.0617,-83.4327,20.1,76,100,1.99,overcast clouds
92,Kamina,CD,-8.7386,24.9906,74.19,72,97,3.49,light rain
93,Tonantins,BR,-2.8731,-67.8022,69.94,98,99,1.59,overcast clouds
94,Strenči,LV,57.6257,25.6854,34.41,97,100,12.12,overcast clouds
95,Nyagan,RU,62.1406,65.3936,10.85,91,30,5.97,scattered clouds
96,Melo,UY,-32.3667,-54.1833,60.08,92,0,10.38,clear sky
97,Thinadhoo,MV,0.5333,72.9333,82.67,70,2,11.23,clear sky
98,Xingcheng,CN,40.6167,120.7167,27.57,69,1,2.1,clear sky
99,Port Hawkesbury,CA,45.6169,-61.3485,16.59,86,100,17.27,haze
100,Tigil',RU,57.8,158.6667,8.1,87,100,4.79,overcast clouds
101,Souillac,MU,-20.5167,57.5167,81.36,70,100,16.04,overcast clouds
102,Cochrane,CA,51.1834,-114.4687,29.01,84,56,8.5,broken clouds
103,Kaitangata,NZ,-46.2817,169.8464,47.71,72,0,3.71,clear sky
104,Cabedelo,BR,-6.9811,-34.8339,78.4,70,53,8.19,broken clouds
105,Hong Kong,HK,22.2855,114.1577,67.96,74,97,3.0,overcast clouds
106,Cabo San Lucas,MX,22.8909,-109.9124,65.52,76,35,7.83,scattered clouds
107,Saint Paul Harbor,US,57.79,-152.4072,38.71,81,100,16.11,moderate rain
108,‘Ewa Beach,US,21.3156,-158.0072,74.98,71,21,10.0,few clouds
109,Talnakh,RU,69.4865,88.3972,-18.45,100,82,1.79,broken clouds
110,Hasaki,JP,35.7333,140.8333,41.4,34,99,14.99,overcast clouds
111,Galesong,ID,-5.3166,119.3661,87.82,72,38,10.92,scattered clouds
112,Provideniya,RU,64.3833,-173.3,-3.51,73,0,13.11,clear sky
113,College,US,64.8569,-147.8028,5.58,80,100,0.0,light snow
114,Haines Junction,CA,60.7522,-137.5108,27.77,97,100,3.4,snow
115,Chokurdakh,RU,70.6333,147.9167,-35.61,100,100,2.04,overcast clouds
116,Santa Cruz de la Sierra,BO,-17.8,-63.1667,68.41,95,100,6.38,overcast clouds
117,Kremnica,SK,48.7052,18.9183,33.85,91,100,1.99,overcast clouds
118,Lithgow,AU,-33.4833,150.15,59.09,87,73,9.1,broken clouds
119,Narsaq,GL,60.9167,-46.05,3.42,70,100,5.23,overcast clouds
120,Tutóia,BR,-2.7619,-42.2744,77.94,85,100,9.22,overcast clouds
121,Kargasok,RU,59.0556,80.8572,19.17,85,100,7.49,overcast clouds
122,Hambantota,LK,6.1241,81.1185,89.94,43,20,11.5,few clouds
123,Half Moon Bay,US,37.4636,-122.4286,54.97,69,0,0.0,clear sky
124,Bontang,ID,0.1333,117.5,82.85,75,100,8.81,overcast clouds
125,Lebu,CL,-37.6167,-73.65,56.41,92,3,13.78,clear sky
126,Kenai,US,60.5544,-151.2583,27.03,93,100,4.61,overcast clouds
127,Tomatlán,MX,19.9333,-105.25,63.01,83,13,2.95,few clouds
128,Khatanga,RU,71.9667,102.5,-20.76,97,99,7.87,overcast clouds
129,Otjimbingwe,NA,-22.35,16.1333,78.6,54,96,1.5,overcast clouds
130,Dosso,NE,13.049,3.1937,68.14,17,0,16.11,clear sky
131,Quatre Cocos,MU,-20.2078,57.7625,81.09,76,100,15.32,light rain
132,Upernavik,GL,72.7868,-56.1549,-4.23,96,100,4.63,overcast clouds
133,Nishihara,JP,26.1842,127.7558,60.85,55,40,10.36,scattered clouds
134,Vanimo,PG,-2.6741,141.3028,82.0,80,87,9.37,overcast clouds
135,Distrikt Brokopondo,SR,4.75,-55.1667,74.71,92,100,5.32,moderate rain
136,George Town,MY,5.4112,100.3354,89.89,65,20,10.36,thunderstorm
137,Chui,UY,-33.6971,-53.4616,64.04,89,90,8.5,overcast clouds
138,Karpathos,GR,35.507,27.2132,60.76,72,20,3.44,few clouds
139,Iqaluit,CA,63.7506,-68.5145,-34.31,73,99,3.0,overcast clouds
140,Samus',RU,56.7475,84.6992,25.9,80,100,5.1,overcast clouds
141,Kuah,MY,6.3265,99.8432,84.49,67,58,9.24,broken clouds
142,Inírida,CO,3.8653,-67.9239,71.96,97,99,2.13,overcast clouds
143,Torbay,CA,47.6666,-52.7314,23.77,92,100,39.12,light snow
144,Härnösand,SE,62.6323,17.9379,32.0,94,100,13.62,overcast clouds
145,Tautira,PF,-17.7333,-149.15,82.42,76,40,21.94,light rain
146,Beloha,MG,-25.1667,45.05,76.14,86,100,24.85,light rain
147,Sur,OM,22.5667,59.5289,82.53,28,0,2.21,clear sky
148,Abū Zabad,SD,12.35,29.25,67.46,19,75,22.17,broken clouds
149,Lata,PT,40.1629,-8.3327,45.05,65,5,5.12,clear sky
150,Hornepayne,CA,49.2138,-84.7705,11.93,94,100,9.13,snow
151,Pontiac,US,42.6389,-83.2911,16.59,86,0,11.5,clear sky
152,Labytnangi,RU,66.6572,66.4183,-15.93,100,96,2.95,overcast clouds
153,Carnarvon,AU,-24.8667,113.6333,79.57,68,8,22.37,clear sky
154,Vostok,RU,46.4856,135.8833,-1.35,98,100,4.25,overcast clouds
155,Maniitsoq,GL,65.4167,-52.9,0.18,90,100,9.19,light snow
156,Trat,TH,12.5,102.5,93.25,35,4,9.57,clear sky
157,Bethel,US,41.3712,-73.414,16.99,71,0,1.01,clear sky
158,Cumana,VE,10.4635,-64.1775,73.63,86,14,6.89,few clouds
159,Tandag,PH,9.0783,126.1986,79.72,84,46,13.31,scattered clouds
160,Aksu,CN,41.1231,80.2644,29.37,44,100,3.36,overcast clouds
161,Sarkhej,IN,22.9833,72.5,84.33,30,0,0.0,smoke
162,Darhan,MN,49.4867,105.9228,9.27,82,41,5.57,scattered clouds
163,Merauke,ID,-8.4667,140.3333,83.71,76,100,9.6,overcast clouds
164,Pozo Colorado,PY,-23.4923,-58.7972,68.97,98,3,4.88,clear sky
165,Moerai,PF,-22.4333,-151.3333,79.36,77,96,15.3,light rain
166,Longyearbyen,SJ,78.2186,15.6401,15.64,67,75,14.97,broken clouds
167,New Norfolk,AU,-42.7826,147.0587,68.9,43,2,1.99,clear sky
168,Rundu,NA,-17.9333,19.7667,73.67,76,84,9.46,moderate rain
169,Makakilo City,US,21.3469,-158.0858,73.56,71,21,11.68,few clouds
170,Dikson,RU,73.5069,80.5464,-23.24,100,100,5.08,overcast clouds
171,Nemuro,JP,43.3236,145.575,25.43,67,82,22.57,broken clouds
172,Chicama,PE,-7.8447,-79.1469,64.94,86,82,4.14,broken clouds
173,Bud,US,39.447,-86.1758,16.84,94,13,6.15,few clouds
174,Bluff,NZ,-46.6,168.3333,51.8,64,0,9.73,clear sky
175,Nanortalik,GL,60.1432,-45.2371,12.07,52,100,10.74,overcast clouds
176,Hilo,US,19.7297,-155.09,69.8,88,75,5.75,broken clouds
177,Meulaboh,ID,4.1363,96.1285,85.82,65,84,9.98,broken clouds
178,Cuamba,MZ,-14.8031,36.5372,77.13,70,31,6.87,light rain
179,Cupira,BR,-8.6167,-35.95,67.26,90,43,2.13,scattered clouds
180,Yashalta,RU,46.3395,42.2762,30.63,96,100,6.62,snow
181,Marion,US,39.7684,-86.1555,17.2,89,0,9.22,clear sky
182,Kailua,US,21.4022,-157.7394,74.75,79,20,5.75,few clouds
183,Tocopilla,CL,-22.092,-70.1979,67.37,74,29,0.92,scattered clouds
184,Camaná,PE,-16.6228,-72.7111,69.35,84,66,5.23,broken clouds
185,Cockburn Town,TC,21.4612,-71.1419,75.67,64,0,16.62,clear sky
186,Anchorage,US,61.2181,-149.9003,27.86,90,100,1.99,fog
187,Csorna,HU,47.6115,17.2501,37.69,81,99,11.43,light rain
188,Tuatapere,NZ,-46.1333,167.6833,51.82,73,0,4.54,clear sky
189,Cherskiy,RU,68.75,161.3,-29.69,100,17,2.75,few clouds
190,Aklavik,CA,68.2191,-135.0107,-15.32,95,100,15.64,overcast clouds
191,Oodweyne,SO,9.4092,45.064,81.21,26,79,4.81,broken clouds
192,Ndioum,SN,16.5129,-14.6471,72.32,11,0,8.12,clear sky
193,Oyama,JP,36.3,139.8,41.04,24,52,10.11,broken clouds
194,Severo-Kuril'sk,RU,50.6789,156.125,27.95,83,100,20.04,overcast clouds
195,Balyqshy,KZ,47.0667,51.8667,28.4,86,75,15.66,mist
196,Fortuna,US,40.5982,-124.1573,41.92,100,0,11.5,clear sky
197,Shaowu,CN,27.3409,117.4831,49.03,85,100,1.52,light rain
198,Cavnic,RO,47.6667,23.8667,16.95,96,97,4.79,light snow
199,Narón,ES,43.5167,-8.1528,42.67,84,99,3.22,overcast clouds
200,Westport,US,41.1415,-73.3579,19.33,63,0,5.99,clear sky
201,Abu Samrah,SY,35.3029,37.1841,52.27,67,6,14.7,clear sky
202,Kaeo,NZ,-35.1,173.7833,74.32,97,100,4.41,light rain
203,Baykit,RU,61.67,96.37,11.21,90,99,4.27,overcast clouds
204,Najrān,SA,17.4924,44.1277,68.16,35,2,9.78,clear sky
205,Alofi,NU,-19.0595,-169.9187,79.57,73,100,4.61,moderate rain
206,Kalangala,UG,-0.3089,32.225,74.55,63,95,4.23,overcast clouds
207,Mahébourg,MU,-20.4081,57.7,81.25,74,100,16.49,light rain
208,Mayor Pablo Lagerenza,PY,-19.9309,-60.7718,70.92,96,100,6.11,overcast clouds
209,Zeya,RU,53.75,127.2667,2.77,82,100,3.42,overcast clouds
210,San Luis,AR,-33.295,-66.3356,53.26,66,0,0.51,clear sky
211,Al Bardīyah,LY,31.7561,25.0865,56.89,56,0,16.28,clear sky
212,Nome,US,64.5011,-165.4064,-0.33,50,0,12.66,clear sky
213,Imeni Poliny Osipenko,RU,52.4201,136.4853,5.29,93,100,3.91,overcast clouds
214,Guerrero Negro,MX,27.9769,-114.0611,58.44,54,0,1.52,clear sky
215,Ulagan,RU,50.6321,87.9563,18.77,66,0,2.51,clear sky
216,Nouakchott,MR,18.0858,-15.9785,60.73,40,0,11.05,clear sky
217,Coyhaique,CL,-45.5752,-72.0662,49.95,93,0,3.44,clear sky
218,Saint Anthony,US,45.0205,-93.218,21.25,87,75,0.0,broken clouds
219,Braintree,GB,51.8782,0.5529,50.79,93,100,25.3,moderate rain
220,Sampit,ID,-2.5333,112.95,82.72,82,100,3.33,light rain
221,Sioux Lookout,CA,50.1001,-91.917,3.58,97,100,4.38,overcast clouds
222,Belle Fourche,US,44.6714,-103.8522,36.12,67,100,20.11,overcast clouds
223,San Cristobal,VE,7.7669,-72.225,61.45,95,24,2.89,few clouds
224,Abapó,BO,-18.8333,-63.4667,62.92,99,100,4.03,overcast clouds
225,Portsmouth,GB,50.799,-1.0913,51.85,94,100,17.0,overcast clouds
226,Maposeni,TZ,-10.5833,35.4,67.42,93,100,0.92,overcast clouds
227,Mar del Plata,AR,-38.0023,-57.5575,58.08,95,75,3.0,broken clouds
228,Svetlaya,RU,46.5389,138.3297,15.82,65,100,8.08,overcast clouds
229,Faanui,PF,-16.4833,-151.75,81.46,74,28,21.07,scattered clouds
230,Tiksi,RU,71.6872,128.8694,-22.25,99,100,5.06,overcast clouds
231,Salalah,OM,17.0151,54.0924,83.62,39,88,1.77,overcast clouds
232,Obama,JP,35.4958,135.746,39.61,75,100,20.47,overcast clouds
233,Macaúbas,BR,-13.0194,-42.6986,68.18,94,100,2.1,light rain
234,Vila Velha,BR,-20.3297,-40.2925,73.94,89,0,5.75,clear sky
235,Makkah al Mukarramah,SA,21.4267,39.8261,75.72,18,4,1.92,clear sky
236,Port Shepstone,ZA,-30.7414,30.455,74.75,79,90,7.27,light rain
237,Altagracia de Orituco,VE,9.8601,-66.3814,70.09,88,92,4.0,overcast clouds
238,Loa Janan,ID,-0.583,117.095,86.22,69,100,2.98,overcast clouds
239,São João da Barra,BR,-21.6403,-41.0511,74.23,88,0,14.61,clear sky
240,Safi,MA,32.2994,-9.2372,55.51,87,64,14.7,broken clouds
241,Pevek,RU,69.7008,170.3133,-25.55,99,32,2.59,scattered clouds
242,Waingapu,ID,-9.6567,120.2641,86.61,67,28,13.38,scattered clouds
243,Glendive,US,47.1053,-104.7125,33.49,79,100,16.11,overcast clouds
244,Cidreira,BR,-30.1811,-50.2056,71.53,91,9,8.61,clear sky
245,Richards Bay,ZA,-28.783,32.0377,77.58,79,5,11.01,light rain
246,Ubari,LY,26.5921,12.7805,55.62,28,100,12.48,overcast clouds
247,Isangel,VU,-19.55,169.2667,79.99,89,100,13.96,overcast clouds
248,Mumbai,IN,19.0144,72.8479,84.18,42,9,10.36,smoke
249,Saint-Augustin,CA,51.226,-58.6502,0.39,66,100,18.9,overcast clouds
250,Nongpoh,IN,25.9,91.8833,62.17,41,2,5.12,clear sky
251,Sungai Penuh,ID,-2.0833,101.3833,70.32,77,100,2.66,overcast clouds
252,Shintomi,JP,32.0785,131.4723,44.33,35,41,2.84,scattered clouds
253,Grand Gaube,MU,-20.0064,57.6608,80.38,81,100,7.0,overcast clouds
254,Morant Bay,JM,17.8815,-76.4093,72.91,74,13,6.76,few clouds
255,Caravelas,BR,-17.7125,-39.2481,73.85,93,97,3.04,overcast clouds
256,Faya,SA,18.3851,42.4509,64.92,46,3,4.38,clear sky
257,Lagoa,PT,39.05,-27.9833,59.32,72,0,19.75,clear sky
258,Lorengau,PG,-2.0226,147.2712,82.62,77,98,11.65,overcast clouds
259,Bilibino,RU,68.0546,166.4372,-16.87,81,77,4.54,broken clouds
260,Puerto Suárez,BO,-18.95,-57.8,71.06,97,39,2.42,heavy intensity rain
261,Licheng,CN,23.2955,113.8284,57.13,58,100,3.24,overcast clouds
262,Road Town,VG,18.4167,-64.6167,71.69,78,75,21.68,moderate rain
263,Fort Dix,US,40.0298,-74.6185,19.67,57,0,5.75,clear sky
264,Rocha,UY,-34.4833,-54.3333,63.14,89,92,9.98,overcast clouds
265,Tessalit,ML,20.1986,1.0114,61.66,16,8,10.76,clear sky
266,Banda Aceh,ID,5.5577,95.3222,83.64,71,81,6.69,broken clouds
267,El Alto,PE,-4.2714,-81.2147,69.3,81,68,10.36,broken clouds
268,Camacha,PT,33.0833,-16.3333,60.53,77,40,16.11,scattered clouds
269,Stolin,BY,51.8912,26.846,30.24,90,67,11.21,broken clouds
270,Ilulissat,GL,69.2167,-51.1,1.42,42,100,14.97,overcast clouds
271,Noyabrsk,RU,63.1994,75.4507,-0.22,97,59,8.77,broken clouds
272,Bambous Virieux,MU,-20.3428,57.7575,80.22,76,100,15.9,light rain
273,Dunmore Town,BS,25.5,-76.65,73.78,75,4,12.39,clear sky
274,Maridi,SS,4.9158,29.4742,82.13,14,43,9.01,scattered clouds
275,Soyo,AO,-6.1349,12.3689,78.8,82,87,7.99,overcast clouds
276,Terrace Bay,CA,48.7834,-87.1,17.17,91,100,2.64,light snow
277,Qingquan,CN,30.4511,115.2559,42.73,54,100,0.54,light rain
278,Port Hardy,CA,50.6996,-127.4199,42.22,86,100,11.7,overcast clouds
279,Bay Roberts,CA,47.5999,-53.2648,24.55,89,100,11.99,overcast clouds
280,Sulangan,PH,11.1373,123.7228,82.11,73,82,15.75,broken clouds
281,Bonthe,SL,7.5264,-12.505,74.48,91,84,3.85,broken clouds
282,Iaciara,BR,-14.0958,-46.6317,68.36,99,100,1.1,overcast clouds
283,Achutupo,PA,9.2,-77.9833,76.8,81,84,10.98,broken clouds
284,Mayo,US,38.8876,-76.5119,27.95,65,0,7.0,clear sky
285,Jiayuguan City,CN,39.8167,98.3,17.58,70,100,10.94,overcast clouds
286,Makaha,US,21.4694,-158.2175,74.66,76,10,9.06,clear sky
287,Contamana,PE,-7.3333,-75.0167,71.02,96,100,1.88,overcast clouds
288,Paraná,AR,-31.732,-60.5238,61.57,84,0,8.32,clear sky
289,Shenjiamen,CN,29.9576,122.298,42.94,61,99,11.65,overcast clouds
290,Sennar,SD,13.5691,33.5672,73.17,15,4,17.49,clear sky
291,General Cepeda,MX,25.3833,-101.45,44.82,60,2,3.4,clear sky
292,Iwanai,JP,42.9744,140.5089,24.82,80,100,9.4,light snow
293,Esperance,AU,-33.8667,121.9,90.91,36,2,13.33,clear sky
294,Kahului,US,20.8947,-156.47,74.84,82,0,12.66,clear sky
295,Pipraich,IN,26.8264,83.53,66.79,52,0,7.47,clear sky
296,São Filipe,CV,14.8961,-24.4956,72.34,69,0,8.68,clear sky
297,Makat,KZ,47.6469,53.3463,26.6,76,100,16.49,overcast clouds
298,Ixtapa,MX,20.7,-105.2,64.24,81,39,2.44,scattered clouds
299,Hofn,IS,64.2539,-15.2082,31.82,67,99,17.45,overcast clouds
300,Lucea,JM,18.451,-78.1736,73.26,74,0,7.7,clear sky
301,Tougue,GN,11.4667,-11.6,66.42,20,15,1.01,few clouds
302,Monrovia,LR,6.3005,-10.7969,76.77,83,38,2.55,light rain
303,Lodja,CD,-3.4833,23.4333,85.15,53,53,2.1,broken clouds
304,Stara Vyzhivka,UA,51.4376,24.44,33.22,85,100,16.46,overcast clouds
305,Ambulu,ID,-8.345,113.6058,80.49,85,79,1.79,moderate rain
306,Atambua,ID,-9.1061,124.8925,81.84,68,23,4.56,few clouds
307,Sassandra,CI,4.95,-6.0833,78.96,82,21,1.34,few clouds
308,General Roca,AR,-39.0333,-67.5833,64.29,37,70,7.09,broken clouds
309,Klaksvík,FO,62.2266,-6.589,34.72,61,100,25.41,overcast clouds
310,Lavrentiya,RU,65.5833,-171.0,-16.65,90,29,10.13,scattered clouds
311,Sūsangerd,IR,31.5608,48.1831,60.82,40,0,15.64,clear sky
312,Tāndā,IN,26.55,82.65,67.01,51,0,5.97,clear sky
313,Quime,BO,-16.9833,-67.2167,50.9,98,100,4.07,moderate rain
314,Hay River,CA,60.8156,-115.7999,-5.8,96,91,8.61,overcast clouds
315,George,ZA,-33.963,22.4617,74.75,73,0,3.44,clear sky
316,Saint George,US,37.1041,-113.5841,45.36,36,0,1.01,clear sky
317,San Patricio,US,28.017,-97.5169,43.84,80,4,2.15,clear sky
318,Yulara,AU,-25.2406,130.9889,87.8,15,0,6.15,clear sky
319,Örnsköldsvik,SE,63.2909,18.7153,32.95,100,100,19.57,snow
320,Severnyy,RU,50.677,36.5532,30.24,93,75,13.42,broken clouds
321,Wuda,CN,39.4994,106.7117,27.52,18,100,9.19,overcast clouds
322,Itarema,BR,-2.9248,-39.9167,76.96,85,94,7.36,overcast clouds
323,Balabac,PH,7.9868,117.0645,81.23,80,100,22.26,overcast clouds
324,Kensington,AU,-33.9167,151.2167,73.13,75,75,5.01,broken clouds
325,Gazojak,TM,41.1875,61.4036,39.29,71,100,21.36,overcast clouds
326,Chifeng,CN,42.2683,118.9636,24.35,43,3,14.9,clear sky
327,Ribeira Brava,PT,32.65,-17.0667,65.12,53,42,15.14,scattered clouds
328,Comodoro Rivadavia,AR,-45.8667,-67.5,62.46,51,0,4.61,clear sky
329,Cap Malheureux,MU,-19.9842,57.6142,80.47,81,100,7.0,overcast clouds
330,San Quintín,MX,30.4833,-115.95,54.93,47,0,3.44,clear sky
331,Winthrop,US,42.3751,-70.9828,15.12,59,0,10.36,clear sky
332,Asău,RO,46.4333,26.4,39.76,64,27,9.91,scattered clouds
333,Dickinson,US,29.4608,-95.0513,44.94,85,0,0.0,clear sky
334,Maturin,VE,9.75,-63.1767,69.04,97,55,3.83,broken clouds
335,La Ronge,CA,55.1001,-105.2842,-15.29,100,88,2.91,overcast clouds
336,Moa,CU,20.6569,-74.9403,73.6,78,20,13.91,few clouds
337,Mandan,US,46.8267,-100.8896,22.03,82,100,32.21,overcast clouds
338,Vardø,NO,70.3705,31.1107,26.28,80,99,27.72,overcast clouds
339,Paamiut,GL,61.994,-49.6678,-0.02,85,100,5.55,overcast clouds
340,Kahama,TZ,-3.8333,32.6,74.48,69,90,2.01,light rain
341,Samarai,PG,-10.6167,150.6667,83.8,76,85,16.08,overcast clouds
342,Umluj,SA,25.0213,37.2685,73.18,27,0,14.32,clear sky
343,Bairiki Village,KI,1.3292,172.9752,84.2,74,20,6.91,few clouds
344,Gediz,TR,39.0417,29.41,39.61,54,100,3.71,overcast clouds
345,Wamba,NG,8.9333,8.6,80.42,17,0,0.98,clear sky
346,Pahlgām,IN,34.0333,75.3333,36.36,86,100,5.32,overcast clouds
347,Yangi Marg`ilon,UZ,40.4272,71.7189,45.32,26,100,4.61,overcast clouds
348,Sicamous,CA,50.8331,-118.9856,30.29,96,100,2.13,overcast clouds
349,Vila do Maio,CV,15.1333,-23.2167,66.99,80,0,14.81,clear sky
350,Mujiayingzi,CN,42.1167,118.7833,23.77,45,5,12.35,clear sky
351,Guihing,PH,6.6822,125.3473,83.91,65,100,8.77,overcast clouds
352,Bengkulu,ID,-3.8004,102.2655,82.36,67,100,11.41,heavy intensity rain
353,Kundiawa,PG,-6.0167,144.9667,68.18,93,100,3.36,overcast clouds
354,Hobyo,SO,5.3505,48.5268,81.68,53,3,14.61,clear sky
355,Tilichiki,RU,60.4667,166.1,-9.9,84,0,8.61,clear sky
356,Were Īlu,ET,10.6,39.4333,65.8,32,100,2.35,overcast clouds
357,Timrå,SE,62.487,17.3257,31.68,91,75,0.0,broken clouds
358,Rio Grande,BR,-32.035,-52.0986,65.95,87,0,14.27,clear sky
359,Touros,BR,-5.1989,-35.4608,74.3,74,98,8.39,overcast clouds
360,Santiago de Cao,PE,-7.9589,-79.2392,66.33,94,20,4.61,mist
361,Sonoita,MX,31.85,-112.8333,49.53,21,65,6.13,broken clouds
362,Kopong,BW,-24.4833,25.8833,77.67,49,22,9.31,few clouds
363,Fuerte Olimpo,PY,-21.0415,-57.8738,72.68,98,100,4.09,light rain
364,Ngaoundéré,CM,7.3167,13.5833,72.75,17,8,6.6,clear sky
365,Marsá Maţrūḩ,EG,31.3525,27.2453,57.56,56,0,12.75,clear sky
366,Dunedin,NZ,-45.8742,170.5036,49.86,74,50,2.95,scattered clouds
367,Berlevåg,NO,70.8578,29.0864,24.67,83,62,26.93,broken clouds
368,Healesville,AU,-37.65,145.5167,82.36,45,8,1.99,clear sky
369,Revin,FR,49.9404,4.635,45.34,94,100,18.03,light rain
370,Wajir,KE,1.7471,40.0573,85.55,47,100,8.59,overcast clouds
371,Wangqing,CN,43.3218,129.7634,12.72,69,100,7.4,overcast clouds
372,Belonia,IN,23.2528,91.4514,73.96,36,0,3.0,clear sky
373,Melipilla,CL,-33.7,-71.2167,76.41,69,0,0.4,clear sky
374,Ndendé,GA,-2.4008,11.3581,76.44,88,83,0.43,broken clouds
375,Platteville,US,42.7342,-90.4785,27.21,80,100,12.66,overcast clouds
376,Codrington,AU,-38.2667,141.9667,72.99,52,99,19.3,overcast clouds
377,Necochea,AR,-38.5473,-58.7368,58.03,82,100,21.45,overcast clouds
378,Praia,CV,14.9215,-23.5087,66.74,82,20,13.8,few clouds
379,Port Augusta,AU,-32.5,137.7667,88.7,16,36,15.17,scattered clouds
380,Kumëny,RU,58.1089,49.9161,21.15,94,100,5.57,light snow
381,Manjacaze,MZ,-24.7117,33.8828,85.53,51,36,15.19,scattered clouds
382,Paita,PE,-5.0892,-81.1144,69.15,90,91,8.57,overcast clouds
383,Malé,MV,4.1748,73.5089,81.77,63,70,10.04,broken clouds
384,Olafsvik,IS,64.8945,-23.7142,28.06,66,42,20.38,scattered clouds
385,Maunabo,PR,18.0072,-65.8993,73.42,93,93,10.45,light rain
386,Aykhal,RU,66.0,111.5,-17.59,100,100,3.67,overcast clouds
387,Syke,DE,52.9,8.8333,46.78,93,75,17.27,broken clouds
388,Portland,US,45.5234,-122.6762,43.18,94,20,3.0,few clouds
389,Sibolga,ID,1.7427,98.7792,81.97,78,100,1.77,overcast clouds
390,Geraldton,AU,-28.7667,114.6,81.01,54,75,20.71,broken clouds
391,Kroya,ID,-7.6331,109.2461,86.86,67,62,3.29,heavy intensity rain
392,Antibes,FR,43.5624,7.1278,52.11,68,0,13.8,clear sky
393,Arrifes,PT,37.7667,-25.7,58.23,82,20,12.66,few clouds
394,Puerto Madryn,AR,-42.7692,-65.0385,60.21,59,100,12.75,overcast clouds
395,Port Lincoln,AU,-34.7333,135.8667,77.43,44,0,12.57,clear sky
396,Young,UY,-32.6833,-57.6333,59.23,85,92,10.69,overcast clouds
397,Afşin,TR,38.2477,36.914,18.16,77,30,1.16,scattered clouds
398,Catabola,AO,-12.15,17.2833,61.81,76,100,4.61,overcast clouds
399,Angoram,PG,-4.0625,144.0661,81.07,79,100,7.96,overcast clouds
400,Chimbarongo,CL,-34.7,-71.05,59.88,45,0,2.26,clear sky
401,Mehamn,NO,71.0357,27.8492,23.13,87,50,19.6,scattered clouds
402,Helena,US,46.5927,-112.0361,36.59,52,0,11.5,clear sky
403,Yuancheng,CN,36.652,107.7896,22.6,86,100,8.05,light snow
404,Agüimes,ES,27.9054,-15.4461,61.43,68,0,14.97,clear sky
405,Quthing,LS,-30.4,27.7003,69.8,59,2,3.62,clear sky
406,Queimadas,BR,-10.9783,-39.6264,67.96,92,100,4.56,overcast clouds
407,Dingle,PH,10.9995,122.6711,82.71,70,62,14.94,broken clouds
408,Genhe,CN,50.7833,121.5167,9.84,72,98,4.47,overcast clouds
409,Mahibadhoo,MV,3.7833,72.9667,81.9,67,60,12.17,broken clouds
410,Conceição do Araguaia,BR,-8.2578,-49.2647,72.07,96,100,2.68,overcast clouds
411,Vikulovo,RU,56.8167,70.6107,17.28,79,100,5.93,overcast clouds
412,Loreto,MX,22.2667,-101.9667,50.47,61,49,0.89,scattered clouds
413,Kunshan,CN,31.3776,120.9543,44.98,40,100,9.04,overcast clouds
414,Petrozavodsk,RU,61.7849,34.3469,18.86,85,75,4.47,light shower snow
415,Keningau,MY,5.3378,116.1602,84.65,89,93,4.05,light rain
416,Corralillo,CU,22.9819,-80.5856,69.84,74,38,9.28,light rain
417,Russell,US,32.3502,-85.1999,35.2,74,0,4.99,clear sky
418,Hervey Bay,AU,-25.2986,152.8535,76.01,66,51,5.99,broken clouds
419,Norman Wells,CA,65.282,-126.8329,-12.39,95,98,4.18,overcast clouds
420,Glenwood Springs,US,39.5505,-107.3248,25.83,69,100,10.36,overcast clouds
421,Šilalė,LT,55.4906,22.1814,32.97,98,100,15.01,light snow
422,Porto-Novo,BJ,6.4965,2.6036,81.41,73,1,2.44,clear sky
423,Vacaria,BR,-28.5122,-50.9339,60.71,97,45,3.02,scattered clouds
424,Shibetsu,JP,43.659,145.132,23.86,76,98,18.19,overcast clouds
425,Akdepe,TM,42.0551,59.3788,33.8,67,100,20.87,overcast clouds
426,Chingirlau,KZ,51.095,54.0814,20.84,93,89,2.53,overcast clouds
427,Port Hedland,AU,-20.3167,118.5667,91.45,70,6,19.57,clear sky
428,Chambas,CU,22.1928,-78.9136,73.02,84,55,3.56,broken clouds
429,Sinnamary,GF,5.3833,-52.95,76.86,89,100,7.99,overcast clouds
430,Otradnoye,RU,59.7775,30.8181,26.96,95,92,7.07,overcast clouds
431,Coquimbo,CL,-29.9533,-71.3436,60.53,94,100,2.3,overcast clouds
432,Belaya Gora,RU,68.5333,146.4167,-39.68,100,82,0.4,broken clouds
433,Sablé-sur-Sarthe,FR,47.8376,-0.3329,52.14,79,100,20.18,overcast clouds
434,Traralgon,AU,-38.1833,146.5333,71.85,54,0,8.66,clear sky
435,Laas,IT,46.6166,10.7002,22.91,52,100,3.6,overcast clouds
436,Emba,KZ,48.8264,58.1442,27.75,92,100,11.95,overcast clouds
437,Qaqortoq,GL,60.7167,-46.0333,3.7,69,100,5.5,overcast clouds
438,São Félix do Xingu,BR,-6.6447,-51.995,69.73,99,100,1.59,overcast clouds
439,Annau,TM,37.8876,58.516,39.72,79,97,11.36,overcast clouds
440,Mkushi,ZM,-13.6202,29.3939,65.53,95,100,5.03,light rain
441,Coahuayana Viejo,MX,18.7333,-103.6833,66.31,84,8,4.7,clear sky
442,Manville,US,40.5409,-74.5877,19.85,63,0,1.01,clear sky
443,Pangnirtung,CA,66.1451,-65.7125,-34.92,88,94,6.15,overcast clouds
444,Montego Bay,JM,18.4712,-77.9188,73.2,73,20,0.0,few clouds
445,Kavieng,PG,-2.5744,150.7967,82.89,76,87,7.67,overcast clouds
446,Gamba,GA,-2.65,10.0,80.44,75,19,5.55,few clouds
447,Jaguaruna,BR,-28.615,-49.0256,73.42,93,98,3.98,overcast clouds
448,Ucluelet,CA,48.9329,-125.5528,42.1,91,98,2.62,overcast clouds
449,Uchaly,RU,54.2996,59.4521,16.83,90,100,4.16,overcast clouds
450,Ulladulla,AU,-35.35,150.4667,67.87,81,66,12.37,broken clouds
451,Agirish,RU,61.9247,63.0231,12.43,93,88,7.29,overcast clouds
452,Beringovskiy,RU,63.05,179.3167,-13.67,97,48,11.21,scattered clouds
453,Kisi,NG,9.0833,3.85,75.67,18,0,8.19,clear sky
454,Arraial do Cabo,BR,-22.9661,-42.0278,75.15,90,45,22.03,scattered clouds
455,Nālūt,LY,30.3333,10.85,54.23,25,100,11.39,overcast clouds
456,Lingsugūr,IN,16.1667,76.5167,85.82,29,37,7.85,scattered clouds
457,Malanje,AO,-9.5402,16.341,70.74,78,96,5.75,overcast clouds
458,Flin Flon,CA,54.7682,-101.865,-13.29,100,88,3.15,overcast clouds
459,Tsagan Aman,RU,47.5639,46.7218,26.31,70,10,14.12,clear sky
460,Blackwater,AU,-23.5833,148.8833,84.6,36,33,15.57,scattered clouds
461,Husavik,IS,66.0449,-17.3389,28.31,73,100,21.23,light snow
462,Jinchang,CN,38.4953,102.1739,18.01,83,100,8.61,light snow
463,Batagay-Alyta,RU,67.8006,130.4114,-22.76,97,100,2.21,overcast clouds
464,Kelsterbach,DE,50.0667,8.5333,45.45,77,75,21.85,light rain
465,Flinders,AU,-34.5833,150.8552,71.2,75,63,14.43,light rain
466,Mount Gambier,AU,-37.8333,140.7667,77.72,41,11,11.65,few clouds
467,Bathsheba,BB,13.2167,-59.5167,75.81,78,20,9.22,few clouds
468,Irgakly,RU,44.3611,44.7556,36.84,51,97,8.66,overcast clouds
469,Ketchikan,US,55.3422,-131.6461,43.27,93,100,21.85,moderate rain
470,Los Llanos de Aridane,ES,28.6585,-17.9182,66.13,26,0,13.0,clear sky
471,Kandrian,PG,-6.2167,149.55,84.85,72,100,14.05,overcast clouds
472,Chapais,CA,49.7834,-74.8492,-27.62,100,99,3.6,overcast clouds
473,Dukat,RU,62.55,155.55,-14.93,60,30,2.08,scattered clouds
474,Kinango,KE,-4.1372,39.3153,89.47,46,100,5.5,overcast clouds
475,Bariloche,AR,-41.1456,-71.3082,53.94,66,50,2.06,scattered clouds
476,Likasi,CD,-10.9814,26.7333,67.06,91,100,4.14,light rain
477,Kamaishi,JP,39.2667,141.8833,27.55,61,50,10.96,scattered clouds
478,Ahipara,NZ,-35.1667,173.1667,71.22,97,100,6.87,light rain
479,Sven’,RU,53.1822,34.5511,32.11,89,94,10.74,light snow
480,Havre-St-Pierre,CA,50.2334,-63.5986,3.2,59,20,12.66,few clouds
481,Changli,CN,39.7042,119.1506,35.92,31,76,8.7,broken clouds
482,The Pas,CA,53.8251,-101.2541,-12.98,77,20,0.0,few clouds
483,Bonfim,BR,3.0833,-59.95,75.38,84,100,8.61,overcast clouds
484,Fort Nelson,CA,58.8053,-122.7002,6.39,85,100,4.61,overcast clouds
485,Melfi,IT,40.9965,15.6514,50.4,78,80,2.89,broken clouds
486,Birmitrapur,IN,22.4,84.7667,75.52,21,47,6.35,scattered clouds
487,Tagusao,PH,9.1924,117.8141,84.25,68,93,7.05,overcast clouds
488,Kalmunai,LK,7.4167,81.8167,82.42,56,39,9.75,scattered clouds
489,Labuhan,ID,-6.8844,112.2051,82.74,81,100,16.98,overcast clouds
490,Zhezkazgan,KZ,47.8043,67.7144,19.38,73,20,20.13,light snow
491,Taoudenni,ML,22.6783,-3.9836,63.63,14,92,8.81,overcast clouds
492,Kaohsiung City,TW,22.6163,120.3133,73.35,65,75,5.01,broken clouds
493,Kintinku,TZ,-5.8833,35.2333,69.22,84,100,1.12,overcast clouds
494,Altay,CN,47.8667,88.1167,19.56,72,0,2.19,clear sky
495,Emerald,AU,-23.5333,148.1667,84.34,35,34,10.6,scattered clouds
496,Vung Tau,VN,10.346,107.0843,82.2,69,55,24.9,broken clouds
497,The Valley,AI,18.217,-63.0578,77.09,77,94,21.77,overcast clouds
498,Sovetskiy,RU,61.3614,63.5842,15.93,90,78,7.67,broken clouds
499,Carutapera,BR,-1.195,-46.02,75.15,94,100,5.7,overcast clouds
500,Forbes,AU,-33.3833,148.0167,75.92,38,97,18.99,overcast clouds
501,Liverpool,GB,53.4106,-2.9779,45.68,88,75,10.0,broken clouds
502,San Ignacio,BZ,17.1561,-89.0714,68.14,94,100,6.91,overcast clouds
503,Dali,CN,25.7,100.1833,51.89,52,87,9.6,overcast clouds
504,Lumut,MY,4.2323,100.6298,88.16,74,20,5.75,few clouds
505,Saldanha,ZA,-33.0117,17.9442,73.92,56,81,9.98,broken clouds
506,Iwaki,JP,37.05,140.8833,39.34,45,1,5.01,clear sky
507,Maceió,BR,-9.6658,-35.7353,72.84,88,0,3.44,clear sky
508,Fukuechō,JP,32.6881,128.8419,41.36,52,75,10.36,broken clouds
509,Bozoum,CF,6.3193,16.3799,79.25,16,67,9.06,broken clouds
510,Montebello,US,34.0095,-118.1053,64.63,35,0,0.0,clear sky
511,Aksarka,RU,66.5606,67.7975,-13.67,99,77,4.5,broken clouds
512,Pacific Grove,US,36.6177,-121.9166,52.27,71,0,1.99,clear sky
513,Liuli,TZ,-11.0833,34.6333,76.46,75,100,0.69,overcast clouds
514,Quelimane,MZ,-17.8786,36.8883,85.95,74,40,12.66,scattered clouds
515,Palmer,US,42.1584,-72.3287,12.85,71,0,0.0,clear sky
516,Thyolo,MW,-16.0678,35.1405,71.92,72,28,6.17,scattered clouds
517,Abakaliki,NG,6.3163,8.1169,80.08,16,60,12.5,broken clouds
518,Playa del Carmen,MX,20.6274,-87.0799,75.22,88,40,11.5,scattered clouds
519,Alamosa,US,37.4695,-105.87,4.51,92,0,5.75,mist
520,Watertown,US,42.3709,-71.1828,15.03,61,0,5.01,clear sky
521,Kenora,CA,49.8167,-94.4337,4.98,85,75,5.75,broken clouds
522,Kloulklubed,PW,7.0419,134.2556,82.9,78,31,20.87,scattered clouds
523,Guatavita,CO,4.9366,-73.8331,51.51,95,100,1.05,overcast clouds
524,Povenets,RU,62.8487,34.8262,14.32,94,100,11.25,snow
525,Marawi,PH,7.9986,124.2928,73.65,80,83,7.67,broken clouds
526,Mitsamiouli,KM,-11.3847,43.2844,82.85,75,98,9.44,light rain
527,Ferme-Neuve,CA,46.7001,-75.4493,-7.82,89,100,2.98,overcast clouds
528,Altea,ES,38.5989,-0.0514,56.66,77,100,4.72,overcast clouds
529,Ngatea,NZ,-37.2833,175.5,73.42,99,100,1.83,light rain
530,Spas-Demensk,RU,54.4122,34.0226,29.97,90,100,9.1,overcast clouds
531,Benjamin Constant,BR,-4.3831,-70.0311,73.53,96,81,1.72,broken clouds
532,Samaná,DO,19.2056,-69.3369,71.17,87,52,10.47,broken clouds
533,Tarauacá,BR,-8.1614,-70.7656,72.46,96,100,0.76,overcast clouds
534,Inta,RU,66.0317,60.1659,-3.12,91,70,1.07,broken clouds
535,Humaitá,BR,-7.5061,-63.0208,71.76,96,100,1.63,overcast clouds
536,High Rock,BS,26.6208,-78.2833,64.42,69,99,10.07,overcast clouds
537,Barsovo,RU,61.1667,73.1667,15.93,93,100,9.53,overcast clouds
538,Talaya,RU,61.3833,152.75,-30.95,89,26,1.99,scattered clouds
539,Aného,TG,6.2333,1.6,81.95,76,3,3.87,clear sky
540,Ust'-Kut,RU,56.7938,105.7672,20.34,86,100,8.08,overcast clouds
541,Dorado,PR,18.4588,-66.2677,71.92,99,100,12.1,moderate rain
542,Beira,MZ,-19.8436,34.8389,78.89,89,75,12.66,broken clouds
543,Ponta Delgada,PT,37.7333,-25.6667,60.49,82,40,12.66,scattered clouds
544,High Level,CA,58.5169,-117.136,-5.69,77,75,3.44,broken clouds
545,Saint-Joseph,RE,-21.3667,55.6167,84.58,73,100,14.5,overcast clouds
546,Altamont,US,42.2068,-121.7372,36.77,71,0,3.0,clear sky
547,Cruzeiro do Oeste,BR,-23.785,-53.0733,67.33,98,99,4.03,overcast clouds
548,Fairbanks,US,64.8378,-147.7164,5.59,81,100,0.0,light snow
549,Sikandra Rao,IN,27.7,78.4,67.51,43,0,4.72,clear sky
550,Launceston,AU,-41.45,147.1667,71.24,54,3,4.0,clear sky
551,Joshīmath,IN,30.5667,79.5667,55.22,48,33,6.31,scattered clouds
552,Henties Bay,NA,-22.116,14.2845,70.86,77,84,4.56,broken clouds
553,Mareeba,AU,-17.0,145.4333,78.48,87,30,3.38,scattered clouds
554,Chadiza,ZM,-14.0678,32.4392,70.65,83,100,3.04,light rain
555,Nānākuli,US,21.3906,-158.1547,74.71,68,0,5.75,clear sky
556,Montreux,CH,46.433,6.9114,42.21,89,99,1.01,overcast clouds
557,Novokizhinginsk,RU,51.6115,109.5917,17.92,82,96,8.37,overcast clouds
558,Finale Ligure,IT,44.1695,8.3436,52.86,80,22,1.01,few clouds
559,Jiexiu,CN,37.0244,111.9125,31.33,42,100,1.43,overcast clouds
560,Kavaratti,IN,10.5669,72.642,78.37,62,7,6.51,clear sky
561,Lincoln,US,40.8,-96.667,31.28,72,0,1.99,clear sky
562,Ciudad Bolivar,VE,8.1222,-63.5497,74.59,81,55,7.65,broken clouds
563,Palatka,US,29.6486,-81.6376,54.97,95,100,7.43,light rain
564,Ostrovnoy,RU,68.0531,39.5131,12.09,81,96,28.88,overcast clouds
565,Shimoda,JP,34.6667,138.95,40.1,46,17,23.44,few clouds
566,Marystown,CA,47.1666,-55.1483,21.85,100,99,10.0,overcast clouds
567,Béjar,ES,40.3864,-5.7634,36.57,68,2,5.95,clear sky
568,Diamantino,BR,-14.4086,-56.4461,71.64,95,96,0.51,overcast clouds
569,Mbinga,TZ,-10.9333,35.0167,66.72,82,99,4.74,overcast clouds
570,Sisimiut,GL,66.9395,-53.6735,-0.65,96,99,4.14,light snow
571,Sept-Îles,CA,50.2001,-66.3821,-0.94,55,0,5.01,clear sky
572,Løgumkloster,DK,55.0594,8.9551,42.94,94,100,15.73,overcast clouds
573,Takaka,NZ,-40.85,172.8,61.56,81,100,13.94,light rain
574,Zlobin,HR,45.2924,14.6541,40.3,85,0,1.14,clear sky
575,Brae,GB,60.3964,-1.353,39.11,61,88,23.17,overcast clouds
576,Kupang,ID,-10.1667,123.5833,83.52,76,90,10.98,light rain
577,Zavolzhsk,RU,57.4823,42.1378,10.29,95,99,4.14,overcast clouds
578,Korem,ET,12.5058,39.5228,59.38,66,99,7.9,overcast clouds
579,Kuril'sk,RU,45.2333,147.8833,22.35,87,100,15.23,light snow
580,Kruisfontein,ZA,-34.0033,24.7314,81.88,44,0,10.47,clear sky
581,Belmonte,BR,-15.8631,-38.8828,73.9,85,37,4.05,scattered clouds
582,Lamu,KE,-2.2717,40.902,88.02,64,91,9.01,overcast clouds
583,Saint-Nazaire,FR,47.2833,-2.2,51.78,89,75,19.57,broken clouds
584,Muros,ES,42.7762,-9.0603,44.24,88,97,8.9,overcast clouds
585,Price,US,39.5994,-110.8107,31.26,55,0,11.5,clear sky
586,Ambilobe,MG,-13.2,49.05,85.06,68,24,8.5,few clouds
587,Rechka Vydrino,RU,51.485,104.8461,27.7,82,100,3.33,overcast clouds
588,Aripuanã,BR,-9.1667,-60.6333,70.03,99,30,1.3,scattered clouds
589,Erenhot,CN,43.6475,111.9767,13.86,74,0,9.75,clear sky
590,Kushiro,JP,42.975,144.3747,27.55,46,40,4.61,scattered clouds
591,Misratah,LY,32.3754,15.0925,61.86,52,54,4.83,broken clouds
592,Viloco,BO,-16.95,-67.55,44.46,94,100,4.23,overcast clouds
593,Berbera,SO,10.4396,45.0143,78.3,75,100,12.21,light rain
594,Diré,ML,12.2833,-10.9667,70.99,16,2,2.68,clear sky
595,Poum,NC,-20.2333,164.0167,78.82,85,100,3.38,moderate rain
596,Nyurba,RU,63.2842,118.3319,-3.23,98,100,4.07,overcast clouds
597,Khasan,RU,42.4308,130.6434,22.5,46,38,17.34,scattered clouds
598,Viçosa,BR,-20.7539,-42.8819,67.19,98,100,8.66,overcast clouds
599,Olinda,BR,-8.0089,-34.8553,74.93,83,40,4.61,scattered clouds
600,Natal'insk,RU,56.4739,57.8698,21.56,85,100,6.38,overcast clouds
601,Galveston,US,29.3669,-94.9669,44.96,73,0,0.0,clear sky
602,Birobidzhan,RU,48.8,132.95,1.89,94,96,4.14,overcast clouds
603,Padang,ID,-0.9492,100.3543,87.85,77,100,3.71,overcast clouds
604,Changtu,CN,42.7788,124.0955,20.71,39,4,9.19,clear sky
605,Lompoc,US,34.6391,-120.4579,55.56,84,0,8.05,clear sky
606,Panabá,MX,21.2833,-88.2667,67.89,93,8,6.15,clear sky
607,Edd,ER,13.9297,41.6925,78.49,66,88,16.8,overcast clouds
608,Kotkhai,IN,31.1167,77.5333,56.53,35,97,4.41,overcast clouds
609,Marabu,MY,4.4148,114.0089,86.14,70,40,9.22,light rain
610,Lipari,IT,38.4674,14.954,59.54,75,96,0.49,overcast clouds
611,Tucumã,BR,-0.1833,-50.05,74.77,93,100,4.05,light rain
612,Bellavista,PE,-7.0561,-76.5911,69.44,99,80,0.92,broken clouds
613,Bereda,ES,43.2686,-7.5406,35.42,100,98,0.63,overcast clouds
614,Santa Rosa,PH,14.3122,121.1114,86.11,72,75,18.12,broken clouds
615,Medina,SA,24.4686,39.6142,64.83,17,0,20.71,clear sky
616,Champerico,GT,14.3,-91.9167,80.35,70,63,6.4,broken clouds
617,Nouadhibou,MR,20.931,-17.0347,60.78,100,75,12.66,fog
618,Turiaçu,BR,-1.6633,-45.3717,73.65,96,100,3.47,overcast clouds
619,Deputatsky,RU,69.3,139.9,-31.13,100,88,2.62,overcast clouds
620,Kununurra,AU,-15.7667,128.7333,84.18,84,86,8.05,heavy intensity rain
621,Parabel',RU,58.6978,81.4825,19.02,84,100,7.72,overcast clouds
622,Pochutla,MX,15.7432,-96.4661,69.82,60,7,3.27,clear sky
623,Djebeniana,TN,35.035,10.9081,49.8,74,100,7.27,overcast clouds
624,Zhaoyang,CN,42.682,126.0305,12.79,77,99,5.59,overcast clouds
625,Gilgit,PK,35.9221,74.3087,34.32,56,100,0.89,overcast clouds
626,La Libertad,EC,-2.2333,-80.9,74.5,83,100,7.25,overcast clouds
627,Port-Gentil,GA,-0.7193,8.7815,79.57,78,14,10.38,few clouds
628,Port Macquarie,AU,-31.4333,152.9167,68.9,67,70,15.41,broken clouds
629,İskilip,TR,40.7353,34.4739,25.05,93,100,4.65,overcast clouds
630,Zyryanka,RU,65.75,150.85,-31.68,98,7,2.71,clear sky
631,Vaitape,PF,-16.5167,-151.75,81.46,74,31,21.03,scattered clouds
632,Palauig,PH,15.435,119.9045,83.21,63,26,5.35,scattered clouds
633,Merritt Island,US,28.5392,-80.672,58.01,86,100,6.91,overcast clouds
634,Suntar,RU,62.1444,117.6319,6.55,97,100,3.15,overcast clouds
635,Pijijiapan,MX,15.7011,-93.23,67.78,67,8,16.26,clear sky
636,Trairi,BR,-3.2778,-39.2689,75.13,89,51,5.5,broken clouds
637,Chimbote,PE,-9.0853,-78.5783,68.27,89,88,4.76,overcast clouds
638,Saint-Chamond,FR,45.4737,4.5254,34.88,80,75,10.36,broken clouds
639,Province of Mantua,IT,45.1667,10.7833,43.7,90,8,4.0,clear sky
640,Ongandjera,NA,-17.8833,15.0667,70.77,49,100,1.48,overcast clouds
641,Iguape,BR,-24.7081,-47.5553,76.06,88,93,9.37,overcast clouds
642,Olavarría,AR,-36.8927,-60.3225,51.03,88,99,11.05,overcast clouds
643,Pascagoula,US,30.3658,-88.5561,32.22,95,0,3.44,clear sky
644,Huanan,CN,46.2167,130.5167,7.88,87,97,13.8,overcast clouds
645,Belle Glade,US,26.6845,-80.6676,73.38,91,71,6.78,broken clouds
646,Berdigestyakh,RU,62.0989,126.6992,-14.94,100,99,2.19,overcast clouds
647,Lonevåg,NO,60.5262,5.4937,37.27,89,100,5.01,overcast clouds
648,Anloga,GH,5.7947,0.8973,81.59,79,7,4.88,clear sky
649,Marquette,US,46.5333,-87.6335,15.33,71,99,7.94,overcast clouds
650,Vallenar,CL,-28.5708,-70.7581,65.89,65,0,2.53,clear sky
651,Goundam,ML,16.4145,-3.6708,62.76,14,0,9.35,clear sky
652,Khuzhir,RU,53.1939,107.3397,23.04,82,100,9.6,overcast clouds
653,Goderich,CA,43.7501,-81.7165,18.91,79,100,11.5,overcast clouds
654,Kulhudhuffushi,MV,6.6221,73.07,80.89,64,37,6.58,scattered clouds
655,Montepuez,MZ,-13.1256,38.9997,81.0,64,26,4.23,light rain
656,Kudahuvadhoo,MV,2.6708,72.8944,82.2,68,58,11.86,broken clouds
657,Lokosovo,RU,61.1333,74.8167,18.48,94,100,7.58,overcast clouds
658,Kottagūdem,IN,17.55,80.6333,90.09,24,99,1.28,overcast clouds
659,San Miguel,SV,13.4833,-88.1833,68.63,69,2,4.12,clear sky
660,Lasem,ID,-6.6922,111.4527,83.77,74,99,15.55,overcast clouds
661,Novi Ligure,IT,44.7608,8.7896,50.83,1,8,1.01,clear sky
662,Benjamín Hill,MX,30.1667,-111.1,53.26,20,1,6.91,clear sky
663,Departamento de Maldonado,UY,-34.6667,-54.9167,64.22,88,100,14.97,light rain
664,Khani,GE,41.9563,42.9566,27.97,90,100,2.84,light snow
665,Shingū,JP,33.7333,135.9833,40.91,52,53,10.69,broken clouds
666,Araouane,ML,18.9048,-3.5265,61.77,13,0,8.23,clear sky
667,Sédhiou,SN,12.7081,-15.5569,59.13,40,0,2.35,clear sky
668,Port Blair,IN,11.6667,92.75,86.04,70,20,9.22,few clouds
669,Mohelnice,CZ,49.777,16.9195,40.24,83,100,14.92,light rain
670,Doha,QA,25.2867,51.5333,69.78,40,0,14.97,clear sky
671,Methóni,GR,36.8197,21.7049,59.22,79,45,7.92,scattered clouds
672,Ha Giang,VN,22.8333,104.9833,55.63,98,100,2.37,overcast clouds
673,Blairgowrie,GB,56.5916,-3.3405,36.61,92,89,4.0,snow
674,Puerto Escondido,MX,15.85,-97.0667,72.84,62,6,6.06,clear sky
675,Inuvik,CA,68.3499,-133.7218,-26.54,75,100,2.3,light snow
676,Acaraú,BR,-2.8856,-40.12,77.41,85,93,8.16,overcast clouds
677,Namatanai,PG,-3.6667,152.4333,82.26,74,97,9.13,overcast clouds
678,Sakhnovshchyna,UA,49.1517,35.872,29.19,92,63,10.0,broken clouds
679,Kindersley,CA,51.4668,-109.1682,30.22,80,75,25.32,broken clouds
680,Joplin,US,37.0842,-94.5133,31.86,73,0,1.99,clear sky
681,Rapid City,US,44.0805,-103.231,36.7,63,20,8.99,few clouds
682,San Isidro,PE,-12.1167,-77.05,67.59,55,0,1.01,clear sky
683,Gwadar,PK,25.1216,62.3254,74.35,68,2,9.44,clear sky
684,Santa Vitória do Palmar,BR,-33.5189,-53.3681,63.99,89,76,8.93,broken clouds
685,Nanganga,TZ,-10.3833,39.15,84.99,59,78,9.95,broken clouds
